{"accuracy": [0.705599308013916, 0.8363954424858093, 0.8923884630203247, 0.911198616027832, 0.937445342540741, 0.9510061144828796, 0.9615048170089722, 0.9615048170089722, 0.9737532734870911, 0.9658792614936829], "loss": [0.7730947136878967, 0.417513370513916, 0.2898443937301636, 0.23248203098773956, 0.17107412219047546, 0.14804424345493317, 0.11277247965335846, 0.10049127042293549, 0.07560961693525314, 0.10731970518827438], "val_accuracy": [0.8611599206924438, 0.8717047572135925, 0.8980667591094971, 0.927943766117096, 0.9630931615829468, 0.9736379384994507, 0.9490333795547485, 0.9789103865623474, 0.9630931615829468, 0.9894551634788513], "val_loss": [0.40674617886543274, 0.3258748948574066, 0.29062962532043457, 0.19874083995819092, 0.1010233610868454, 0.08286648243665695, 0.11951415985822678, 0.05328729748725891, 0.10306576639413834, 0.038194719702005386]}