{"accuracy": [0.4437499940395355, 0.633593738079071, 0.6929687261581421, 0.77734375, 0.77734375, 0.864062488079071, 0.887499988079071, 0.914843738079071, 0.9117187261581421, 0.867968738079071], "loss": [1.2199386358261108, 0.8880268335342407, 0.7152544260025024, 0.5767927169799805, 0.6008683443069458, 0.38578903675079346, 0.3119189739227295, 0.24703089892864227, 0.26131221652030945, 0.33241206407546997], "val_accuracy": [0.5718749761581421, 0.643750011920929, 0.6968749761581421, 0.8031250238418579, 0.7875000238418579, 0.8812500238418579, 0.856249988079071, 0.8374999761581421, 0.7406250238418579, 0.921875], "val_loss": [0.9797490835189819, 0.8667338490486145, 0.6970667839050293, 0.546667218208313, 0.5416709184646606, 0.4033428728580475, 0.4021139144897461, 0.3729565143585205, 0.7599037885665894, 0.22274020314216614]}