{"accuracy": [0.8042212724685669, 0.9730713367462158, 0.9941775798797607, 0.9985443949699402, 0.9985443949699402, 0.9854439496994019, 0.9992722272872925, 1.0, 1.0, 1.0], "loss": [0.523074746131897, 0.09177134931087494, 0.028631726279854774, 0.01591196469962597, 0.01351733785122633, 0.03792367875576019, 0.0026764115318655968, 0.0002908899332396686, 0.0001747367496136576, 5.7207857025787234e-05], "val_accuracy": [0.9152047038078308, 0.9853801131248474, 0.9941520690917969, 0.9941520690917969, 0.9912280440330505, 0.9970760345458984, 1.0, 1.0, 1.0, 1.0], "val_loss": [0.22105032205581665, 0.0815449208021164, 0.026010222733020782, 0.01849418878555298, 0.025801721960306168, 0.004623678512871265, 0.0003742064000107348, 0.00021373633353505284, 0.00013432541163638234, 6.864353781566024e-05]}