{"accuracy": [0.8140506744384766, 0.9238704442977905, 0.9514233469963074, 0.9584748148918152, 0.9612170457839966, 0.9704883694648743, 0.9689213633537292, 0.9772786498069763, 0.981065571308136, 0.9866805672645569], "loss": [0.5047597289085388, 0.21657438576221466, 0.13861510157585144, 0.11683733761310577, 0.11236262321472168, 0.08508884161710739, 0.08493076264858246, 0.06621332466602325, 0.05594969913363457, 0.040918003767728806], "val_accuracy": [0.8639420866966248, 0.9275737404823303, 0.9498189091682434, 0.9622348546981812, 0.9612001776695251, 0.9384376406669617, 0.9674081802368164, 0.9653388261795044, 0.9663735032081604, 0.9627522230148315], "val_loss": [0.4762576222419739, 0.22996005415916443, 0.14164137840270996, 0.11691514402627945, 0.11436320096254349, 0.18468360602855682, 0.13457411527633667, 0.12583783268928528, 0.10480719804763794, 0.11713919788599014]}