{"accuracy": [0.6036897897720337, 0.843525767326355, 0.9087803363800049, 0.9347454905509949, 0.9555858969688416, 0.9723266363143921, 0.969251811504364, 0.9839426279067993, 0.9863341450691223, 0.9972668290138245], "loss": [0.9170600771903992, 0.4008961021900177, 0.24031472206115723, 0.16739331185817719, 0.12043427675962448, 0.07287226617336273, 0.08828246593475342, 0.04195859283208847, 0.03428904712200165, 0.009258968755602837], "val_accuracy": [0.664383590221405, 0.8931506872177124, 0.949315071105957, 0.9780821800231934, 0.9630137085914612, 0.9931507110595703, 0.9739726185798645, 0.9945205450057983, 1.0, 0.9958904385566711], "val_loss": [0.9019447565078735, 0.2724665701389313, 0.1585128903388977, 0.07159759104251862, 0.11239541321992874, 0.02439771220088005, 0.06519535183906555, 0.011974602937698364, 0.003724096342921257, 0.01221900712698698]}