{"accuracy": [0.43187499046325684, 0.7090625166893005, 0.8149999976158142, 0.8959375023841858, 0.9006249904632568, 0.934374988079071, 0.9596874713897705, 0.9512500166893005, 0.9590625166893005, 0.9696875214576721], "loss": [1.5121238231658936, 0.7969315052032471, 0.48266807198524475, 0.2894382178783417, 0.2855193614959717, 0.18681877851486206, 0.12109324336051941, 0.1324285864830017, 0.112786665558815, 0.08309847861528397], "val_accuracy": [0.6949999928474426, 0.7950000166893005, 0.8675000071525574, 0.8700000047683716, 0.8912500143051147, 0.9312499761581421, 0.9337499737739563, 0.8587499856948853, 0.9474999904632568, 0.9624999761581421], "val_loss": [0.8510415554046631, 0.5790062546730042, 0.3569636046886444, 0.37118208408355713, 0.30778321623802185, 0.19954656064510345, 0.18133974075317383, 0.4807542860507965, 0.16309532523155212, 0.11680388450622559]}