{"accuracy": [0.35537189245224, 0.4793388545513153, 0.6219007968902588, 0.5599173307418823, 0.6694214940071106, 0.7066115736961365, 0.6900826692581177, 0.68388432264328, 0.7417355179786682, 0.807851254940033], "loss": [1.5369014739990234, 1.1551662683486938, 0.942883312702179, 1.022504210472107, 0.7900322675704956, 0.6540308594703674, 0.7095229029655457, 0.7022130489349365, 0.6209803223609924, 0.46567264199256897], "val_accuracy": [0.5203251838684082, 0.5284552574157715, 0.4878048896789551, 0.6260162591934204, 0.642276406288147, 0.6829268336296082, 0.6585366129875183, 0.7317073345184326, 0.7154471278190613, 0.7886179089546204], "val_loss": [1.1764198541641235, 1.0101494789123535, 1.4478906393051147, 0.841809093952179, 0.8054895401000977, 0.8013110756874084, 0.6999354958534241, 0.658629298210144, 0.7987521886825562, 0.5317686200141907]}