{"accuracy": [0.8558746576309204, 0.9571801424026489, 0.9681462049484253, 0.9822454452514648, 0.9785900712013245, 0.9759790897369385, 0.9775456786155701, 0.982767641544342, 0.9921671152114868, 0.9932115077972412], "loss": [0.4491274356842041, 0.11418000608682632, 0.08443574607372284, 0.04668520763516426, 0.04700751602649689, 0.05794630944728851, 0.05081286281347275, 0.041353270411491394, 0.020304890349507332, 0.020904911682009697], "val_accuracy": [0.9580712914466858, 0.9727463126182556, 0.9811320900917053, 0.9769392013549805, 0.9895178079605103, 0.9685534834861755, 0.945492684841156, 0.9958071112632751, 0.9811320900917053, 0.99790358543396], "val_loss": [0.15972940623760223, 0.07101542502641678, 0.046765752136707306, 0.04141944274306297, 0.0234282948076725, 0.07035356014966965, 0.12214513123035431, 0.013742436654865742, 0.05045277997851372, 0.005869318265467882]}