{"accuracy": [0.790996789932251, 0.9287657737731934, 0.95918869972229, 0.9789760112762451, 0.979223370552063, 0.987880289554596, 0.9901063442230225, 0.9960425496101379, 0.9891169667243958, 0.9945585131645203], "loss": [0.5372691750526428, 0.2091006189584732, 0.1107083410024643, 0.05749738588929176, 0.0532393604516983, 0.0321989580988884, 0.027968674898147583, 0.009612096473574638, 0.03440792113542557, 0.013176456093788147], "val_accuracy": [0.896039605140686, 0.9594059586524963, 0.9673267602920532, 0.9801980257034302, 0.9910891056060791, 0.9782178401947021, 0.987128734588623, 0.9950494766235352, 0.9950494766235352, 0.987128734588623], "val_loss": [0.23854462802410126, 0.11262676864862442, 0.11365712434053421, 0.05631246790289879, 0.04108528047800064, 0.06039273738861084, 0.039977315813302994, 0.01929163560271263, 0.020873671397566795, 0.05019942671060562]}