{"accuracy": [0.5354838967323303, 0.7845161557197571, 0.8606451749801636, 0.9077419638633728, 0.9425806403160095, 0.9419354796409607, 0.9567741751670837, 0.9490322470664978, 0.9793548583984375, 0.985161304473877], "loss": [1.0513827800750732, 0.5460037589073181, 0.3639116883277893, 0.23446843028068542, 0.15219327807426453, 0.15670384466648102, 0.11126754432916641, 0.11680210381746292, 0.05267846956849098, 0.038381677120923996], "val_accuracy": [0.7441860437393188, 0.842377245426178, 0.9018087983131409, 0.8966408371925354, 0.9560723304748535, 0.9741601943969727, 0.9483203887939453, 0.961240291595459, 0.9922480583190918, 0.9948320388793945], "val_loss": [0.6961669921875, 0.3973376750946045, 0.2613702714443207, 0.21451435983181, 0.10473065078258514, 0.07513116300106049, 0.12473305314779282, 0.10179044306278229, 0.03207806497812271, 0.022451253607869148]}