{"accuracy": [0.6341463327407837, 0.6453079581260681, 0.6626705527305603, 0.6837536096572876, 0.721785843372345, 0.7507234215736389, 0.782141387462616, 0.8102521896362305, 0.8205870389938354, 0.8462174534797668, 0.8867300748825073, 0.8784621953964233, 0.9053328037261963, 0.9214551448822021, 0.9342703819274902, 0.9425382614135742, 0.939644455909729, 0.9636213183403015, 0.973129391670227, 0.9557668566703796], "loss": [0.8669313788414001, 0.8362696170806885, 0.8138132691383362, 0.767379879951477, 0.6544539928436279, 0.6135660409927368, 0.556542158126831, 0.5024579167366028, 0.47000759840011597, 0.41478145122528076, 0.3204832673072815, 0.3122006058692932, 0.2578243017196655, 0.20550979673862457, 0.19484449923038483, 0.1773427128791809, 0.1807347983121872, 0.11413402855396271, 0.09718938916921616, 0.1348324418067932], "val_accuracy": [0.6235489249229431, 0.6832504272460938, 0.6915422677993774, 0.7611940503120422, 0.7777777910232544, 0.7860696315765381, 0.8308457732200623, 0.8573797941207886, 0.9038142561912537, 0.8888888955116272, 0.9203979969024658, 0.907131016254425, 0.9353233575820923, 0.9519071578979492, 0.93034827709198, 0.9601989984512329, 0.9320066571235657, 0.9784411191940308, 0.9817578792572021, 0.9585406184196472], "val_loss": [0.8178077340126038, 0.78229159116745, 0.6792489886283875, 0.5619122982025146, 0.5391238927841187, 0.5438323616981506, 0.45269399881362915, 0.3759312033653259, 0.3251798152923584, 0.30180445313453674, 0.23361431062221527, 0.2776351571083069, 0.19473852217197418, 0.1320045292377472, 0.16465763747692108, 0.11809352785348892, 0.21799857914447784, 0.06899014115333557, 0.06069100648164749, 0.137108713388443]}