{"accuracy": [0.8007085919380188, 0.9495128393173218, 0.9592559933662415, 0.9592559933662415, 0.9672276377677917, 0.9884853959083557, 0.9884853959083557, 0.9973427653312683, 0.9937998056411743, 0.996457040309906], "loss": [0.43667155504226685, 0.1365838348865509, 0.10625679045915604, 0.09280995279550552, 0.07374635338783264, 0.034337565302848816, 0.026375407353043556, 0.015682391822338104, 0.0169163066893816, 0.011624537408351898], "val_accuracy": [0.9689990878105164, 0.9689990878105164, 0.9805137515068054, 0.9937998056411743, 0.9884853959083557, 0.9902568459510803, 0.9973427653312683, 0.9849424362182617, 1.0, 1.0], "val_loss": [0.08254509419202805, 0.08407223224639893, 0.05175130069255829, 0.03598756715655327, 0.04061804711818695, 0.02653764933347702, 0.011094422079622746, 0.046624429523944855, 0.0016284093726426363, 0.003107162192463875]}