{"accuracy": [0.6143363118171692, 0.8324338793754578, 0.8900517821311951, 0.9191060066223145, 0.938511848449707, 0.9518669843673706, 0.9606977105140686, 0.969310462474823, 0.9705641865730286, 0.9748705625534058], "loss": [1.0982232093811035, 0.47703349590301514, 0.32103079557418823, 0.23725728690624237, 0.17695172131061554, 0.1372224986553192, 0.1126214936375618, 0.09054377675056458, 0.08837156742811203, 0.07216023653745651], "val_accuracy": [0.7780200839042664, 0.8530309796333313, 0.8678587079048157, 0.8953336477279663, 0.934365451335907, 0.9195377230644226, 0.9332751631736755, 0.9372001886367798, 0.9252071380615234, 0.9415612816810608], "val_loss": [0.6459916234016418, 0.4284771978855133, 0.3752284049987793, 0.3229922950267792, 0.1987914890050888, 0.2373570203781128, 0.21119868755340576, 0.20445553958415985, 0.225661963224411, 0.21279378235340118]}