{"accuracy": [0.6204925179481506, 0.8393207788467407, 0.8932074904441833, 0.9222989082336426, 0.9412083029747009, 0.9538934826850891, 0.9612678289413452, 0.969893753528595, 0.9730735421180725, 0.9777417182922363], "loss": [1.134356141090393, 0.4731721580028534, 0.309268057346344, 0.2229122370481491, 0.16901350021362305, 0.13459040224552155, 0.1116945892572403, 0.08974825590848923, 0.07935532182455063, 0.06520095467567444], "val_accuracy": [0.8236567974090576, 0.8842874765396118, 0.9242116808891296, 0.92948979139328, 0.928813099861145, 0.9488428831100464, 0.9460008144378662, 0.9275950789451599, 0.957504391670227, 0.9550683498382568], "val_loss": [0.493411660194397, 0.34144845604896545, 0.22811654210090637, 0.21319232881069183, 0.21111328899860382, 0.15168190002441406, 0.16819868981838226, 0.22815896570682526, 0.1329120546579361, 0.1443030834197998]}